Player,Age,Position,Team,Raw,Overall,Potential,Long Term Overall,Hot Index
Alexandre Carrier,26.4,D,Nashville Predators,0.3614007532596588,76,78,75,-1
Cody Glass,24.0,C,Nashville Predators,0.506131649017334,78,79,78,0
Cole Smith,27.4,L,Nashville Predators,-0.0082268994079386,71,73,71,0
Colton Sissons,29.4,C,Nashville Predators,0.2702978253364563,75,76,72,-3
Dante Fabbro,24.8,D,Nashville Predators,0.219080701470375,74,77,71,-3
Eeli Tolvanen,24.0,R,Seattle Kraken,0.5276319980621338,78,78,79,1
Filip Forsberg,28.5,L,Nashville Predators,0.9745259284973145,85,88,84,-1
Kiefer Sherwood,28.0,L,Nashville Predators,0.3401295244693756,76,76,74,-2
Mark Borowiecki,33.3,D,Nashville Predators,0.1184158250689506,72,73,72,0
Matt Duchene,32.2,C,Nashville Predators,0.764809787273407,82,84,79,-3
Mattias Ekholm,32.9,D,Edmonton Oilers,0.6434582471847534,80,81,81,1
Mikael Granlund,31.1,C,Pittsburgh Penguins,0.4793840944766998,78,82,77,-1
Nino Niederreiter,30.6,R,Winnipeg Jets,0.6741153597831726,80,84,79,-1
Roman Josi,32.8,D,Nashville Predators,0.9514853954315186,84,86,83,-1
Ryan Johansen,30.6,C,Nashville Predators,0.5297611951828003,78,81,76,-2
Ryan McDonagh,33.8,D,Nashville Predators,0.2847658395767212,75,79,72,-3
Tanner Jeannot,25.9,L,Tampa Bay Lightning,0.2801462411880493,75,78,72,-3
Yakov Trenin,26.2,C,Nashville Predators,0.2395978718996048,74,76,71,-3
Erik Karlsson,32.8,D,San Jose Sharks,0.8318016529083252,82,83,83,1
Jonah Gadjovich,24.4,L,San Jose Sharks,0.1626933724717368,73,73,73,0
Kevin Labanc,27.3,R,San Jose Sharks,0.465275228023529,77,78,76,-1
Logan Couture,34.0,C,San Jose Sharks,0.7203595042228699,81,83,81,0
Luke Kunin,25.0,C,San Jose Sharks,0.2414986044168472,74,76,74,0
Marc-Edouard Vlasic,36.0,D,San Jose Sharks,0.1746619343757629,73,78,74,1
Mario Ferraro,24.5,D,San Jose Sharks,-0.0201218649744987,70,72,68,-2
Matt Nieto,30.4,L,Colorado Avalanche,0.251391589641571,74,76,76,2
Matthew Benning,28.9,D,San Jose Sharks,0.2465396076440811,74,76,73,-1
Nick Bonino,34.9,C,Pittsburgh Penguins,0.3752248287200928,76,78,77,1
Nico Sturm,27.9,C,San Jose Sharks,0.3365286886692047,75,77,74,-1
Noah Gregor,24.7,C,San Jose Sharks,0.0376711264252662,71,72,71,0
Oskar Lindblom,26.6,L,San Jose Sharks,0.12211175262928,72,76,70,-2
Radim Simek,30.5,D,San Jose Sharks,0.0497898049652576,71,74,71,0
Scott Harrington,30.1,D,Anaheim Ducks,-0.0048551126383244,71,73,69,-2
Steven Lorentz,27.0,C,San Jose Sharks,0.1818926483392715,73,75,73,0
Timo Meier,26.5,R,New Jersey Devils,0.880207896232605,83,84,84,1
Tomas Hertl,29.4,C,San Jose Sharks,0.7156823873519897,81,84,77,-4
Evgeny Svechnikov,26.4,L,San Jose Sharks,0.2193143516778946,74,75,74,0
Jaycob Megna,30.3,D,Seattle Kraken,0.3411995768547058,76,76,77,1
Jeremy Lauzon,25.9,D,Nashville Predators,-0.0209682136774063,70,73,69,-1
Adam Fox,25.1,D,New York Rangers,1.0092109441757202,85,87,84,-1
Alexis Lafreniere,21.5,L,New York Rangers,0.3108722567558288,75,77,76,1
Artemi Panarin,31.4,L,New York Rangers,0.9836665987968444,85,87,84,-1
Barclay Goodrow,30.1,C,New York Rangers,0.2746227085590362,75,76,73,-2
Braden Schneider,21.5,D,New York Rangers,0.0437871478497982,71,73,70,-1
Chris Kreider,31.9,L,New York Rangers,0.9160537719726562,84,84,84,0
Filip Chytil,23.6,C,New York Rangers,0.4936760365962982,78,78,78,0
Jacob Trouba,29.1,D,New York Rangers,0.3400211632251739,76,78,76,0
Jimmy Vesey,29.9,L,New York Rangers,0.3011993765830993,75,76,76,1
K'Andre Miller,23.2,D,New York Rangers,0.2610553801059723,74,75,76,2
Kaapo Kakko,22.1,R,New York Rangers,0.403855562210083,76,80,77,1
Mika Zibanejad,30.0,C,New York Rangers,1.0241025686264038,85,85,85,0
Ryan Carpenter,32.1,C,New York Rangers,0.1278631091117859,73,74,72,-1
Ryan Lindgren,25.1,D,New York Rangers,0.4949231743812561,78,79,79,1
Ryan Reaves,36.2,R,Minnesota Wild,0.1575141996145248,73,73,75,2
Vincent Trocheck,29.7,C,New York Rangers,0.7830008268356323,82,82,83,1
Vitali Kravtsov,23.3,R,Vancouver Canucks,0.0463073222793936,71,73,71,0
Zac Jones,22.1,D,New York Rangers,-0.1282739837338954,69,70,69,0
Alex Killorn,33.6,L,Tampa Bay Lightning,0.6643162369728088,80,82,80,0
Brandon Hagel,24.6,L,Tampa Bay Lightning,0.6253254413604736,80,80,80,0
Brayden Point,27.1,C,Tampa Bay Lightning,1.083654284477234,86,88,87,1
Cal Foote,24.3,D,Nashville Predators,0.1129218637943267,72,75,70,-2
Cole Koepke,24.6,L,Tampa Bay Lightning,-0.017853247228893,70,71,70,0
Corey Perry,37.9,R,Tampa Bay Lightning,0.4949640929698944,78,83,76,-2
Erik Cernak,25.9,D,Tampa Bay Lightning,0.3372091054916382,75,78,76,1
Haydn Fleury,26.7,D,Tampa Bay Lightning,0.1559244394302368,73,76,72,-1
Mikhail Sergachev,24.8,D,Tampa Bay Lightning,0.7660208344459534,82,85,82,0
Nick Paul,28.0,L,Tampa Bay Lightning,0.3795236647129059,76,76,77,1
Nikita Kucherov,29.8,R,Tampa Bay Lightning,1.2704862356185913,89,91,87,-2
Pat Maroon,35.0,L,Tampa Bay Lightning,0.2711262106895447,75,78,73,-2
Philippe Myers,25.8,D,Tampa Bay Lightning,0.2259157449007034,74,74,75,1
Pierre-Edouard Bellemare,38.1,L,Tampa Bay Lightning,0.3247937560081482,75,77,74,-1
Ross Colton,26.6,C,Tampa Bay Lightning,0.4946374893188476,78,79,76,-2
Steven Stamkos,33.2,C,Tampa Bay Lightning,1.0672975778579712,86,90,83,-3
Victor Hedman,32.3,D,Tampa Bay Lightning,0.8564524054527283,83,86,78,-5
Vladislav Namestnikov,30.4,C,Winnipeg Jets,0.3775101602077484,76,78,78,2
Adrian Kempe,26.6,R,Los Angeles Kings,0.6966955661773682,81,81,85,4
Alex Iafallo,29.3,L,Los Angeles Kings,0.6198994517326355,79,80,80,1
Alexander Edler,37.0,D,Los Angeles Kings,0.3488441109657287,76,78,75,-1
Anze Kopitar,35.6,C,Los Angeles Kings,0.9059439897537231,84,85,86,2
Arthur Kaliyev,21.8,R,Los Angeles Kings,0.5214118361473083,78,81,78,0
Blake Lizotte,25.3,C,Los Angeles Kings,0.4911702871322632,78,78,79,1
Carl Grundstrom,25.3,R,Los Angeles Kings,0.3330775797367096,75,75,77,2
Drew Doughty,33.3,D,Los Angeles Kings,0.6678685545921326,80,82,80,0
Gabriel Vilardi,23.6,R,Los Angeles Kings,0.738310694694519,81,81,83,2
Kevin Fiala,26.7,L,Los Angeles Kings,0.995537519454956,85,85,86,1
Matt Roy,28.1,D,Los Angeles Kings,0.5730903744697571,79,79,82,3
Mikey Anderson,23.9,D,Los Angeles Kings,0.2947030365467071,75,76,75,0
Phillip Danault,30.1,C,Los Angeles Kings,0.7292357683181763,81,83,80,-1
Quinton Byfield,20.6,C,Los Angeles Kings,0.5008003115653992,78,80,79,1
Sean Durzi,24.5,D,Los Angeles Kings,0.490683764219284,78,78,78,0
Sean Walker,28.4,D,Los Angeles Kings,0.2801178395748138,75,75,77,2
Trevor Moore,28.0,L,Los Angeles Kings,0.5746756792068481,79,80,78,-1
Viktor Arvidsson,30.0,R,Los Angeles Kings,0.7834606170654297,82,83,82,0
Alec Martinez,35.7,D,Vegas Golden Knights,0.4114607572555542,77,80,75,-2
Alex Pietrangelo,33.2,D,Vegas Golden Knights,0.7208338975906372,81,83,80,-1
Ben Hutton,29.9,D,Vegas Golden Knights,0.2619426846504211,74,74,76,2
Brayden McNabb,32.2,D,Vegas Golden Knights,0.405789315700531,76,79,74,-2
Brett Howden,25.0,C,Vegas Golden Knights,0.2287675738334655,74,74,74,0
Chandler Stephenson,29.0,C,Vegas Golden Knights,0.7081213593482971,81,83,78,-3
Jack Eichel,26.4,C,Vegas Golden Knights,0.922240912914276,84,86,83,-1
Jonathan Marchessault,32.3,R,Vegas Golden Knights,0.7618564367294312,81,83,80,-1
Keegan Kolesar,26.0,R,Vegas Golden Knights,0.2803571820259094,75,75,75,0
Mark Stone,30.7,R,Vegas Golden Knights,1.1455087661743164,87,88,87,0
Michael Amadio,26.9,R,Vegas Golden Knights,0.3636565208435058,76,76,76,0
Nicolas Roy,26.2,C,Vegas Golden Knights,0.5274565815925598,78,79,79,1
Paul Cotter,23.4,C,Vegas Golden Knights,-0.067764087539349,70,72,70,0
Phil Kessel,35.5,R,Vegas Golden Knights,0.2538174390792846,74,78,73,-1
Reilly Smith,32.0,R,Vegas Golden Knights,0.6789622902870178,80,83,80,0
Shea Theodore,27.7,D,Vegas Golden Knights,0.884726345539093,83,85,81,-2
William Karlsson,30.2,C,Vegas Golden Knights,0.7242874503135681,81,83,79,-2
Zach Whitecloud,26.3,D,Vegas Golden Knights,0.3246879875659942,75,79,71,-4
Alex Ovechkin,37.6,L,Washington Capitals,0.90458345413208,84,89,79,-5
Aliaksei Protas,22.2,C,Washington Capitals,0.3316500782966614,75,77,75,0
Anthony Mantha,28.6,R,Washington Capitals,0.4947884082794189,78,81,76,-2
Connor Brown,28.8,R,Washington Capitals,0.3489490151405334,76,78,75,-1
Conor Sheary,30.8,L,Washington Capitals,0.4738982021808624,77,79,77,0
Dmitry Orlov,31.7,D,Boston Bruins,0.5657658576965332,79,79,80,1
Dylan Strome,26.1,C,Washington Capitals,0.623786449432373,80,80,81,1
Erik Gustafsson,31.0,D,Toronto Maple Leafs,0.4976746737957001,78,78,78,0
Evgeny Kuznetsov,30.9,C,Washington Capitals,0.4959695041179657,78,82,72,-6
Garnet Hathaway,31.4,R,Boston Bruins,0.483718067407608,78,78,76,-2
John Carlson,33.2,D,Washington Capitals,0.8083948493003845,82,83,81,-1
Lars Eller,33.9,C,Colorado Avalanche,0.3360061645507812,75,77,75,0
Marcus Johansson,32.5,L,Minnesota Wild,0.4963804483413696,78,78,80,2
Martin Fehervary,23.5,D,Washington Capitals,0.1055579483509063,72,73,72,0
Nic Dowd,32.9,C,Washington Capitals,0.5245274901390076,78,78,78,0
Nick Jensen,32.5,D,Washington Capitals,0.3987447023391723,76,78,75,-1
T.J. Oshie,36.3,R,Washington Capitals,0.5933628082275391,79,82,77,-2
Trevor van Riemsdyk,31.7,D,Washington Capitals,0.4754224121570587,77,78,77,0
A.J. Greer,26.3,L,Boston Bruins,0.3945703506469726,76,76,75,-1
Brandon Carlo,26.4,D,Boston Bruins,0.5642358064651489,79,79,80,1
Charlie Coyle,31.1,C,Boston Bruins,0.5609250068664551,79,80,80,1
Connor Clifton,27.9,D,Boston Bruins,0.4382590353488922,77,78,77,0
Craig Smith,33.6,C,Washington Capitals,0.5515087842941284,79,82,76,-3
David Krejci,36.9,C,Boston Bruins,0.8064197301864624,82,84,81,-1
David Pastrnak,26.9,R,Boston Bruins,1.4074169397354126,91,93,90,-1
Derek Forbort,31.1,D,Boston Bruins,0.2051853537559509,74,75,71,-3
Hampus Lindholm,29.2,D,Boston Bruins,0.7852979302406311,82,82,86,4
Jake DeBrusk,26.5,L,Boston Bruins,0.9654805660247804,84,84,88,4
Jakub Lauko,23.0,C,Boston Bruins,0.3169884109724995,75,76,75,0
Jakub Zboril,26.1,D,Boston Bruins,0.3754725869227471,76,77,76,0
Mike Reilly,29.3,D,Boston Bruins,0.5904358625411987,79,79,78,-1
Nick Foligno,35.4,L,Boston Bruins,0.5084776878356934,78,79,79,1
Patrice Bergeron,37.7,C,Boston Bruins,1.3625695705413818,90,93,89,-1
Pavel Zacha,26.0,C,Boston Bruins,0.577928900718689,79,79,80,1
Taylor Hall,31.3,L,Boston Bruins,0.8638312816619873,83,85,80,-3
Tomas Nosek,30.6,L,Boston Bruins,0.2929935157299042,75,76,75,0
Andrei Svechnikov,23.0,R,Carolina Hurricanes,0.9503635168075562,84,88,86,2
Brady Skjei,29.0,D,Carolina Hurricanes,0.6475908160209656,80,80,81,1
Brent Burns,38.1,D,Carolina Hurricanes,0.9094868898391724,84,84,89,5
Brett Pesce,28.4,D,Carolina Hurricanes,0.7405487298965454,81,81,82,1
Calvin de Haan,31.9,D,Carolina Hurricanes,0.3471738696098327,76,77,79,3
Derek Stepan,32.8,C,Carolina Hurricanes,0.4913622438907623,78,81,78,0
Jaccob Slavin,28.9,D,Carolina Hurricanes,0.937328040599823,84,84,85,1
Jalen Chatfield,26.9,D,Carolina Hurricanes,0.6898585557937622,80,81,83,3
Jesper Fast,31.3,R,Carolina Hurricanes,0.5190885663032532,78,79,78,0
Jesperi Kotkaniemi,22.7,C,Carolina Hurricanes,0.5910159945487976,79,89,81,2
Jordan Martinook,30.7,L,Carolina Hurricanes,0.4951426088809967,78,78,78,0
Jordan Staal,34.6,C,Carolina Hurricanes,0.7020548582077026,81,82,80,-1
Martin Necas,24.2,C,Carolina Hurricanes,0.7756528258323669,82,82,82,0
Ondrej Kase,26.9,R,Carolina Hurricanes,0.5533342957496643,79,80,78,-1
Paul Stastny,37.3,C,Carolina Hurricanes,0.597695529460907,79,83,79,0
Sebastian Aho,27.1,C,Carolina Hurricanes,0.850212574005127,83,87,81,-2
Seth Jarvis,21.2,C,Carolina Hurricanes,0.7527852058410645,81,85,81,0
Teuvo Teravainen,28.6,L,Carolina Hurricanes,0.8096135258674622,82,84,81,-1
Adam Boqvist,22.6,D,Columbus Blue Jackets,0.1277226507663726,73,75,71,-2
Andrew Peeke,25.1,D,Columbus Blue Jackets,-0.5464316010475159,63,69,64,1
Boone Jenner,29.8,C,Columbus Blue Jackets,0.5204616785049438,78,79,76,-2
Cole Sillinger,19.9,C,Columbus Blue Jackets,-0.0078744199126958,71,75,68,-3
Eric Robinson,27.8,L,Columbus Blue Jackets,0.103143997490406,72,75,69,-3
Erik Gudbranson,31.2,D,Columbus Blue Jackets,-0.2075740993022918,68,70,65,-3
Gustav Nyquist,33.4,L,Columbus Blue Jackets,0.32378751039505,75,79,75,0
Jack Roslovic,26.2,C,Columbus Blue Jackets,0.2975567579269409,75,76,76,1
Jake Bean,24.5,D,Columbus Blue Jackets,-0.0713839679956436,70,73,70,0
Jakub Voracek,33.2,R,Columbus Blue Jackets,0.4404992163181305,77,82,74,-3
Johnny Gaudreau,29.6,L,Columbus Blue Jackets,0.9345142841339112,84,87,78,-6
Justin Danforth,29.6,R,Columbus Blue Jackets,0.2394938964697026,74,75,74,0
Mathieu Olivier,26.1,R,Columbus Blue Jackets,-0.1140239238739013,69,71,70,1
Patrik Laine,24.9,L,Columbus Blue Jackets,0.4963591396808624,78,86,80,2
Sean Kuraly,30.2,C,Columbus Blue Jackets,0.0381461083889007,71,73,68,-3
Vladislav Gavrikov,27.4,D,Los Angeles Kings,0.0471044369041919,71,73,76,5
Yegor Chinakhov,21.9,R,Columbus Blue Jackets,-0.0401289239525795,70,71,71,1
Zach Werenski,25.3,D,Columbus Blue Jackets,0.3604846894741058,76,82,76,0
Arber Xhekaj,22.0,D,Montreal Canadiens,-0.3010333223906941,66,69,66,0
Brendan Gallagher,30.9,R,Montreal Canadiens,0.6338527798652649,80,83,79,-1
Chris Wideman,33.2,D,Montreal Canadiens,0.0115449056029319,71,74,70,-1
Christian Dvorak,27.1,C,Montreal Canadiens,0.2374395281076431,74,77,71,-3
Cole Caufield,22.1,R,Montreal Canadiens,0.5164076685905457,78,80,77,-1
David Savard,32.5,D,Montreal Canadiens,-0.2965642213821411,67,73,66,-1
Evgenii Dadonov,34.1,R,Dallas Stars,0.5213226675987244,78,80,76,-2
Jake Evans,26.8,C,Montreal Canadiens,0.3006074428558349,75,75,77,2
Johnathan Kovacevic,25.7,D,Montreal Canadiens,-0.001584507478515,71,73,71,0
Jordan Harris,22.7,D,Montreal Canadiens,0.031819217647215,71,73,71,0
Josh Anderson,28.9,R,Montreal Canadiens,0.2556921243667602,74,77,74,0
Juraj Slafkovsky,18.8,L,Montreal Canadiens,-0.1803451256842634,68,75,68,0
Kaiden Guhle,21.2,D,Montreal Canadiens,-0.2985278523543029,66,69,66,0
Kirby Dach,22.2,C,Montreal Canadiens,0.3304193019866943,75,76,77,2
Mike Hoffman,33.4,L,Montreal Canadiens,0.3512524366378784,76,79,74,-2
Nick Suzuki,23.7,C,Montreal Canadiens,0.486874371767044,78,80,75,-3
Rem Pitlick,26.0,C,Montreal Canadiens,0.0423038154840469,71,74,70,-1
Sean Monahan,28.2,C,Montreal Canadiens,0.4859152734279632,78,81,77,-1
Alexander Kerfoot,28.6,C,Toronto Maple Leafs,0.5280640721321106,78,79,76,-2
Auston Matthews,25.5,C,Toronto Maple Leafs,1.6558771133422852,94,95,95,1
Calle Jarnkrok,31.5,C,Toronto Maple Leafs,0.5444678664207458,78,79,80,2
David Kampf,28.2,C,Toronto Maple Leafs,0.263435810804367,74,75,73,-1
Denis Malgin,26.2,C,Colorado Avalanche,0.3420578837394714,76,76,76,0
Jake Muzzin,33.7,D,Toronto Maple Leafs,0.5784386396408081,79,82,78,-1
John Tavares,32.5,C,Toronto Maple Leafs,1.034245848655701,85,86,85,0
Justin Holl,31.2,D,Toronto Maple Leafs,0.4518629014492035,77,79,76,-1
Mark Giordano,39.5,D,Toronto Maple Leafs,0.6996314525604248,81,87,79,-2
Michael Bunting,27.5,L,Toronto Maple Leafs,0.910965621471405,84,86,81,-3
Mitchell Marner,25.9,R,Toronto Maple Leafs,1.3732556104660034,90,91,91,1
Morgan Rielly,29.1,D,Toronto Maple Leafs,0.6730520129203796,80,82,80,0
Nicolas Aube-Kubel,26.9,R,Washington Capitals,0.3384321630001068,76,76,76,0
Pierre Engvall,26.8,L,New York Islanders,0.5008159875869751,78,79,79,1
Rasmus Sandin,23.1,D,Washington Capitals,0.6623055934906006,80,82,77,-3
TJ Brodie,32.8,D,Toronto Maple Leafs,0.5499096512794495,78,79,79,1
William Nylander,26.9,R,Toronto Maple Leafs,1.034719944000244,85,85,85,0
Zach Aston-Reese,28.7,C,Toronto Maple Leafs,0.2361449897289276,74,77,74,0
Alex Newhook,22.2,C,Colorado Avalanche,0.3992820978164673,76,79,76,0
Andrew Cogliano,35.8,C,Colorado Avalanche,0.2080366015434265,74,76,74,0
Artturi Lehkonen,27.7,L,Colorado Avalanche,0.635064423084259,80,80,82,2
Ben Meyers,24.3,C,Colorado Avalanche,0.0904155719061988,72,73,72,0
Bowen Byram,21.8,D,Colorado Avalanche,0.2981676757335663,75,77,76,1
Cale Makar,24.4,D,Colorado Avalanche,1.48802387714386,92,94,94,2
Devon Toews,29.1,D,Colorado Avalanche,1.0169942378997805,85,87,84,-1
Erik Johnson,35.0,D,Colorado Avalanche,0.2873648107051849,75,78,73,-2
Evan Rodrigues,29.7,C,Colorado Avalanche,0.5595543384552002,79,79,79,0
J.T. Compher,28.0,L,Colorado Avalanche,0.6679276823997498,80,81,82,2
Josh Manson,31.4,D,Colorado Avalanche,0.0424177795648574,71,76,73,2
Kurtis MacDermid,29.0,D,Colorado Avalanche,0.0809267610311508,72,72,73,1
Logan O'Connor,26.6,R,Colorado Avalanche,0.4134576618671417,77,78,77,0
Lukas Sedlak,29.8,C,Philadelphia Flyers,0.525782585144043,78,78,75,-3
Mikko Rantanen,26.4,R,Colorado Avalanche,1.2240163087844849,88,92,86,-2
Nathan MacKinnon,27.6,C,Colorado Avalanche,1.4163423776626587,91,93,91,0
Samuel Girard,24.9,D,Colorado Avalanche,0.4015601575374603,76,79,76,0
Valeri Nichushkin,28.1,R,Colorado Avalanche,0.968061864376068,84,87,86,2
Alec Regula,22.3,D,Chicago Blackhawks,-0.2732483363048869,67,69,67,0
Andreas Athanasiou,28.7,C,Chicago Blackhawks,0.1012480035424232,72,75,71,-1
Buddy Robinson,31.5,R,Chicago Blackhawks,0.1618164482351245,73,74,73,0
Colin Blackwell,29.9,C,Chicago Blackhawks,0.1450280100107193,73,76,70,-3
Connor Murphy,30.0,D,Chicago Blackhawks,-0.1491276770830154,69,71,68,-1
Filip Roos,24.2,D,Chicago Blackhawks,-0.0237984538797709,70,73,70,0
Jack Johnson,36.2,D,Colorado Avalanche,-0.3272570669651031,66,71,67,1
Jarred Tinordi,31.1,D,Chicago Blackhawks,-0.4264903366565704,65,72,68,3
Jonathan Toews,34.8,C,Chicago Blackhawks,0.3139996826648712,75,84,72,-3
Jujhar Khaira,28.6,L,Chicago Blackhawks,0.1401930898427963,73,74,73,0
MacKenzie Entwistle,23.7,R,Chicago Blackhawks,-0.0136287892237305,71,71,69,-2
Max Domi,28.1,C,Dallas Stars,0.3258059024810791,75,78,75,0
Patrick Kane,34.4,R,New York Rangers,0.508613646030426,78,85,77,-1
Philipp Kurashev,23.5,C,Chicago Blackhawks,-0.0249012298882007,70,72,70,0
Sam Lafferty,28.1,C,Toronto Maple Leafs,0.0595028772950172,72,74,70,-2
Seth Jones,28.5,D,Chicago Blackhawks,0.203141450881958,74,78,73,-1
Taylor Raddysh,25.1,R,Chicago Blackhawks,0.2616752386093139,74,76,75,1
Tyler Johnson,32.7,C,Chicago Blackhawks,0.3421057760715484,76,80,75,-1
Adam Henrique,33.1,C,Anaheim Ducks,0.492081731557846,78,81,75,-3
Cam Fowler,31.3,D,Anaheim Ducks,0.1049434244632721,72,76,70,-2
Derek Grant,33.0,C,Anaheim Ducks,0.0862662717700004,72,73,72,0
Dmitry Kulikov,32.4,D,Pittsburgh Penguins,-0.0595674887299537,70,74,66,-4
Frank Vatrano,29.1,R,Anaheim Ducks,0.1492996215820312,73,75,70,-3
Isac Lundestrom,23.4,C,Anaheim Ducks,-0.0170216970145702,70,73,68,-2
Jakob Silfverberg,32.5,R,Anaheim Ducks,0.0607052855193614,72,76,72,0
Jamie Drysdale,20.6,D,Anaheim Ducks,-0.1679444462060928,68,72,67,-1
John Klingberg,30.6,D,Minnesota Wild,-0.0055678747594356,71,79,67,-4
Kevin Shattenkirk,34.2,D,Anaheim Ducks,-0.0080256983637809,71,78,67,-4
Mason McTavish,20.2,C,Anaheim Ducks,0.1169271096587181,72,75,72,0
Max Comtois,24.2,L,Anaheim Ducks,-0.0023084704298526,71,74,70,-1
Max Jones,25.1,L,Anaheim Ducks,-0.1484817862510681,69,71,68,-1
Nathan Beaulieu,30.3,D,Anaheim Ducks,-0.4542289972305298,64,73,61,-3
Pavol Regenda,23.0,L,Anaheim Ducks,0.0035318183197591,71,72,71,0
Ryan Strome,29.7,C,Anaheim Ducks,0.1276433318853378,73,77,67,-6
Trevor Zegras,22.0,C,Anaheim Ducks,0.2807848453521728,75,80,72,-3
Troy Terry,25.6,R,Anaheim Ducks,0.563871443271637,79,80,78,-1
Adam Larsson,30.4,D,Seattle Kraken,0.3421333432197571,76,77,80,4
Alex Wennberg,28.5,C,Seattle Kraken,0.3624196350574493,76,79,75,-1
Andre Burakovsky,28.0,L,Seattle Kraken,0.6068707704544067,79,82,77,-2
Brandon Tanev,31.3,L,Seattle Kraken,0.6152604818344116,79,80,80,1
Carson Soucy,28.7,D,Seattle Kraken,0.3260621726512909,75,77,75,0
Jaden Schwartz,30.8,C,Seattle Kraken,0.5039172172546387,78,83,78,0
Jamie Oleksiak,30.3,D,Seattle Kraken,0.3336510956287384,75,77,76,1
Jared McCann,26.8,L,Seattle Kraken,0.8499066233634949,83,83,85,2
Jordan Eberle,32.9,R,Seattle Kraken,0.6416158676147461,80,81,79,-1
Justin Schultz,32.8,D,Seattle Kraken,0.3261667788028717,75,79,75,0
Karson Kuhlman,27.5,C,Winnipeg Jets,0.2118794918060302,74,75,73,-1
Matty Beniers,20.4,C,Seattle Kraken,0.7526464726800238,81,88,81,0
Oliver Bjorkstrand,28.0,R,Seattle Kraken,0.5662028789520264,79,80,79,0
Ryan Donato,27.0,C,Seattle Kraken,0.4945575892925262,78,78,77,-1
Shane Wright,18.9,C,Seattle Kraken,0.3374841835973218,75,83,75,0
Vince Dunn,26.4,D,Seattle Kraken,0.6322364807128906,80,80,86,6
Will Borgen,26.3,D,Seattle Kraken,0.2317032665014267,74,76,73,-1
Yanni Gourde,31.3,C,Seattle Kraken,0.6688753962516785,80,82,80,0
Brad Malone,33.6,C,Edmonton Oilers,0.0925777778029441,72,73,71,-1
Brett Kulak,29.2,D,Edmonton Oilers,0.3045719861984253,75,77,77,2
Cody Ceci,29.3,D,Edmonton Oilers,0.2242256551980972,74,76,74,0
Connor McDavid,26.2,C,Edmonton Oilers,1.7378884553909302,95,96,97,2
Darnell Nurse,28.2,D,Edmonton Oilers,0.5303124785423279,78,79,79,1
Derek Ryan,36.3,C,Edmonton Oilers,0.5198466181755066,78,79,77,-1
Devin Shore,28.7,C,Edmonton Oilers,0.2296805381774902,74,75,75,1
Dylan Holloway,21.4,L,Edmonton Oilers,0.3117624429091472,75,76,75,0
Evan Bouchard,23.5,D,Edmonton Oilers,0.7241320013999939,81,81,83,2
Evander Kane,31.7,L,Edmonton Oilers,0.5960463881492615,79,83,78,-1
Jesse Puljujarvi,24.9,R,Carolina Hurricanes,0.4755063056945801,77,81,76,-1
Leon Draisaitl,27.4,C,Edmonton Oilers,1.2444196939468384,88,89,91,3
Ryan McLeod,23.5,C,Edmonton Oilers,0.3760754466056824,76,76,78,2
Ryan Murray,29.2,D,Edmonton Oilers,0.1705373376607895,73,77,72,-1
Ryan Nugent-Hopkins,30.0,C,Edmonton Oilers,0.9382259845733644,84,84,88,4
Tyson Barrie,31.7,D,Nashville Predators,0.5214781165122986,78,79,75,-3
Zach Hyman,30.8,L,Edmonton Oilers,0.9686267375946044,84,84,85,1
Andrei Kuzmenko,27.2,L,Vancouver Canucks,1.1323822866376203,87,87,87,0
Bo Horvat,28.0,C,New York Islanders,0.6777775287628174,80,81,79,-1
Brock Boeser,26.1,R,Vancouver Canucks,0.490758866071701,78,81,79,1
Conor Garland,27.1,R,Vancouver Canucks,0.6221209764480591,80,82,78,-2
Curtis Lazar,28.1,C,New Jersey Devils,0.1988196820020675,74,75,73,-1
Dakota Joshua,26.9,C,Vancouver Canucks,0.1720533967018127,73,74,74,1
Elias Pettersson,24.4,C,Vancouver Canucks,1.1462733745574951,87,87,91,4
J.T. Miller,30.1,C,Vancouver Canucks,0.815520167350769,82,82,84,2
Kyle Burroughs,27.7,D,Vancouver Canucks,0.0851603597402572,72,72,72,0
Luke Schenn,33.4,D,Toronto Maple Leafs,0.1436920762062072,73,75,72,-1
Nils Aman,23.2,C,Vancouver Canucks,0.0306923770868392,71,72,71,0
Nils Hoglander,22.0,L,Vancouver Canucks,0.2161643952131271,74,76,73,-1
Oliver Ekman-Larsson,31.6,D,Vancouver Canucks,0.097059741616249,72,77,68,-4
Quinn Hughes,23.5,D,Vancouver Canucks,0.6818976998329163,80,82,86,6
Riley Stillman,25.1,D,Buffalo Sabres,-0.198176622390747,68,70,69,1
Tanner Pearson,30.3,L,Vancouver Canucks,0.3613021671772003,76,79,75,-1
Tucker Poolman,29.4,D,Vancouver Canucks,0.139759287238121,73,74,71,-2
Vasily Podkolzin,21.8,R,Vancouver Canucks,0.1775127053260803,73,76,73,0
Brian Dumoulin,31.6,D,Pittsburgh Penguins,0.2947143614292145,75,77,76,1
Brock McGinn,29.2,L,Anaheim Ducks,0.2323456555604934,74,76,70,-4
Bryan Rust,30.9,R,Pittsburgh Penguins,0.7406148910522461,81,84,80,-1
Danton Heinen,27.8,L,Pittsburgh Penguins,0.3625598847866058,76,79,76,0
Evgeni Malkin,36.7,C,Pittsburgh Penguins,0.914377510547638,84,88,84,0
Jake Guentzel,28.5,L,Pittsburgh Penguins,1.0222848653793335,85,87,85,0
Jan Rutta,32.7,D,Pittsburgh Penguins,0.3277927339076996,75,78,72,-3
Jason Zucker,31.2,L,Pittsburgh Penguins,0.601116955280304,79,82,80,1
Jeff Carter,38.3,C,Pittsburgh Penguins,0.3408269882202148,76,82,74,-2
Jeff Petry,35.3,D,Pittsburgh Penguins,0.5686635375022888,79,81,79,0
Josh Archibald,30.5,R,Pittsburgh Penguins,0.3330283761024475,75,75,76,1
Kasperi Kapanen,26.7,R,St Louis Blues,0.3265881538391113,75,78,74,-1
Kris Letang,36.0,D,Pittsburgh Penguins,0.7587189674377441,81,84,83,2
Marcus Pettersson,26.9,D,Pittsburgh Penguins,0.5689188241958618,79,79,80,1
Pierre-Olivier Joseph,23.8,D,Pittsburgh Penguins,0.2600237429141998,74,76,76,2
Rickard Rakell,29.9,R,Pittsburgh Penguins,0.6726992726325989,80,81,81,1
Ryan Poehling,24.3,C,Pittsburgh Penguins,0.2956403791904449,75,76,76,1
Sidney Crosby,35.7,C,Pittsburgh Penguins,1.123646259307861,87,91,86,-1
Barrett Hayton,22.8,C,Arizona Coyotes,0.4824869334697723,78,78,82,4
Christian Fischer,26.0,R,Arizona Coyotes,0.0315893143415451,71,74,72,1
Clayton Keller,24.7,R,Arizona Coyotes,0.7228731513023376,81,81,87,6
Conor Timmins,24.5,D,Toronto Maple Leafs,0.5855983427187494,79,80,79,0
Dysin Mayo,26.5,D,Arizona Coyotes,-0.7088216357502337,61,66,61,0
J.J. Moser,22.8,D,Arizona Coyotes,0.0502121597528457,71,71,73,2
Jack McBain,23.2,C,Arizona Coyotes,-0.0239059869199991,70,71,73,3
Josh Brown,29.2,D,Arizona Coyotes,-0.2133816629648208,68,71,68,0
Lawson Crouse,25.8,L,Arizona Coyotes,0.4039428234100342,76,76,79,3
Liam O'Brien,28.7,C,Arizona Coyotes,-0.0363245569169521,70,73,69,-1
Matias Maccelli,22.5,L,Arizona Coyotes,0.5283670326014073,78,79,78,0
Nick Bjugstad,30.7,C,Edmonton Oilers,0.3789346814155578,76,77,77,1
Nick Ritchie,27.3,L,Calgary Flames,0.1306530088186264,73,75,70,-3
Nick Schmaltz,27.1,C,Arizona Coyotes,0.710052490234375,81,81,84,3
Shayne Gostisbehere,30.0,D,Carolina Hurricanes,0.2384346276521682,74,78,77,3
Travis Boyd,29.6,C,Arizona Coyotes,0.0523264147341251,71,74,72,1
Troy Stecher,29.0,D,Calgary Flames,-0.1022660806775093,69,71,69,0
Zack Kassian,32.2,R,Arizona Coyotes,-0.0683650150895118,70,72,67,-3
Egor Zamula,,D,Philadelphia Flyers,0.1907707059437586,73,74,73,0
Hayden Hodgson,26.6,R,Philadelphia Flyers,0.040222854630622,71,72,71,0
Ivan Provorov,26.2,D,Philadelphia Flyers,0.1114869713783264,72,76,70,-2
James van Riemsdyk,33.9,L,Philadelphia Flyers,0.5375149846076965,78,80,77,-1
Joel Farabee,23.1,L,Philadelphia Flyers,0.3231063485145569,75,79,75,0
Justin Braun,36.2,D,Philadelphia Flyers,0.1338772773742675,73,77,72,-1
Kevin Hayes,30.9,C,Philadelphia Flyers,0.521902859210968,78,79,76,-2
Morgan Frost,23.9,C,Philadelphia Flyers,0.3033619821071625,75,75,78,3
Nick Seeler,29.8,D,Philadelphia Flyers,0.2545047998428345,74,76,75,1
Nicolas Deslauriers,32.1,L,Philadelphia Flyers,0.0787005946040153,72,73,71,-1
Noah Cates,24.2,L,Philadelphia Flyers,0.4674394130706787,77,77,77,0
Owen Tippett,24.1,R,Philadelphia Flyers,0.4899339973926544,78,78,79,1
Scott Laughton,28.9,C,Philadelphia Flyers,0.3711220622062683,76,77,76,0
Tanner Laczynski,25.8,C,Philadelphia Flyers,0.01004924649246,71,72,71,0
Tony DeAngelo,27.4,D,Philadelphia Flyers,0.3558558225631714,76,79,74,-2
Travis Konecny,26.0,R,Philadelphia Flyers,0.6316036581993103,80,81,81,1
Travis Sanheim,27.0,D,Philadelphia Flyers,0.1707241684198379,73,75,72,-1
Wade Allison,25.5,R,Philadelphia Flyers,0.1569003957397634,73,76,73,0
Alexander Holtz,,R,New Jersey Devils,0.0038153042849196,71,71,71,0
Brendan Smith,34.2,D,New Jersey Devils,0.3445180654525757,76,78,76,0
Damon Severson,28.7,D,New Jersey Devils,0.7104963660240173,81,81,86,5
Dawson Mercer,21.4,C,New Jersey Devils,0.6056072115898132,79,82,81,2
Dougie Hamilton,29.8,D,New Jersey Devils,0.9536980986595154,84,85,86,2
Erik Haula,32.0,L,New Jersey Devils,0.6451553702354431,80,81,79,-1
Jack Hughes,21.9,C,New Jersey Devils,1.0920913219451904,86,91,87,1
Jesper Boqvist,24.4,C,New Jersey Devils,0.2984531819820404,75,75,76,1
Jesper Bratt,24.7,L,New Jersey Devils,0.9018980860710144,83,85,82,-1
John Marino,25.9,D,New Jersey Devils,0.4790745973587036,77,80,76,-1
Jonas Siegenthaler,25.9,D,New Jersey Devils,0.4832940995693207,78,79,78,0
Michael McLeod,25.2,C,New Jersey Devils,0.2428860515356063,74,74,74,0
Miles Wood,27.6,L,New Jersey Devils,0.2732851505279541,75,75,74,-1
Nathan Bastian,25.3,R,New Jersey Devils,0.5267181396484375,78,78,78,0
Ondrej Palat,32.0,L,New Jersey Devils,0.758790910243988,81,84,80,-1
Ryan Graves,27.9,D,New Jersey Devils,0.4905290305614471,78,79,76,-2
Tomas Tatar,32.3,L,New Jersey Devils,0.7734339833259583,82,82,83,1
Yegor Sharangovich,24.8,C,New Jersey Devils,0.4012857973575592,76,79,75,-1
Alex Tuch,26.9,R,Buffalo Sabres,0.84186190366745,83,83,82,-1
Casey Mittelstadt,24.4,C,Buffalo Sabres,0.2925339043140411,75,76,75,0
Dylan Cozens,22.1,C,Buffalo Sabres,0.4884464144706726,78,79,78,0
Henri Jokiharju,23.8,D,Buffalo Sabres,-0.0273010581731796,70,73,69,-1
Ilya Lyubushkin,29.0,D,Buffalo Sabres,0.0867558941245079,72,74,72,0
Jack Quinn,21.5,R,Buffalo Sabres,0.3716046987997829,76,81,76,0
Jacob Bryson,25.4,D,Buffalo Sabres,-0.1047768220305442,69,71,68,-1
Jeff Skinner,30.9,L,Buffalo Sabres,0.7454262971878052,81,85,81,0
JJ Peterka,21.2,R,Buffalo Sabres,0.1787911778342575,73,76,73,0
Kyle Okposo,35.0,R,Buffalo Sabres,0.3439543545246124,76,78,75,-1
Mattias Samuelsson,23.0,D,Buffalo Sabres,0.0252093542367219,71,72,69,-2
Owen Power,20.4,D,Buffalo Sabres,0.0626623539487257,72,78,72,0
Peyton Krebs,22.2,C,Buffalo Sabres,0.1228247433900833,72,73,73,1
Rasmus Asplund,25.3,C,Nashville Predators,0.1720159947872162,73,75,71,-2
Rasmus Dahlin,23.0,D,Buffalo Sabres,0.540902316570282,78,84,77,-1
Tage Thompson,25.4,C,Buffalo Sabres,0.7745119333267212,82,82,81,-1
Victor Olofsson,27.7,L,Buffalo Sabres,0.2919553220272064,75,78,74,-1
Zemgus Girgensons,29.2,L,Buffalo Sabres,0.2642336189746856,74,75,74,0
Alex DeBrincat,25.3,R,Ottawa Senators,0.6746448278427124,80,82,78,-2
Artem Zub,27.5,D,Ottawa Senators,0.1225728765130043,72,74,72,0
Austin Watson,31.2,L,Ottawa Senators,0.1415338218212127,73,74,73,0
Brady Tkachuk,23.6,L,Ottawa Senators,0.8778337240219116,83,87,86,3
Claude Giroux,35.2,R,Ottawa Senators,0.8671234846115112,83,85,83,0
Drake Batherson,24.9,R,Ottawa Senators,0.5730336904525757,79,81,78,-1
Erik Brannstrom,23.6,D,Ottawa Senators,0.3006556034088135,75,75,77,2
Jake Sanderson,20.7,D,Ottawa Senators,0.1939266097896575,73,77,73,0
Josh Norris,23.7,C,Ottawa Senators,0.6437414288520813,80,81,81,1
Mark Kastelic,24.1,C,Ottawa Senators,0.154995503704804,73,73,73,0
Mathieu Joseph,26.2,R,Ottawa Senators,0.3960291445255279,76,78,76,0
Nick Holden,35.9,D,Ottawa Senators,0.2506809830665588,74,75,74,0
Parker Kelly,23.8,L,Ottawa Senators,0.1046024486422538,72,73,71,-1
Shane Pinto,22.4,C,Ottawa Senators,0.2965008616447449,75,77,75,0
Thomas Chabot,26.2,D,Ottawa Senators,0.3669731020927429,76,77,77,1
Tim Stutzle,21.2,L,Ottawa Senators,0.7938725352287292,82,85,85,3
Travis Hamonic,32.6,D,Ottawa Senators,0.0983590632677078,72,74,73,1
Tyler Motte,28.1,C,New York Rangers,0.2927154004573822,75,75,75,0
Adam Pelech,28.6,D,New York Islanders,0.4978967607021332,78,79,78,0
Alexander Romanov,23.2,D,New York Islanders,0.0415119901299476,71,74,72,1
Anders Lee,32.8,L,New York Islanders,0.6682877540588379,80,81,80,0
Anthony Beauvillier,25.8,L,Vancouver Canucks,0.377871960401535,76,77,77,1
Brock Nelson,31.5,C,New York Islanders,0.7221583127975464,81,81,83,2
Casey Cizikas,32.1,C,New York Islanders,0.1985977590084076,74,75,74,0
Jean-Gabriel Pageau,30.4,C,New York Islanders,0.5434844493865967,78,79,79,1
Josh Bailey,33.5,R,New York Islanders,0.3222024440765381,75,78,74,-1
Kieffer Bellows,24.8,L,Philadelphia Flyers,0.1284108906984329,73,74,72,-1
Kyle Palmieri,32.2,C,New York Islanders,0.5774378180503845,79,81,81,2
Mathew Barzal,25.8,C,New York Islanders,0.7634710669517517,82,83,82,0
Matt Martin,33.9,L,New York Islanders,0.1464224010705948,73,74,73,0
Nikita Soshnikov,29.1,R,New York Islanders,-0.0129211135208606,71,73,71,0
Noah Dobson,23.2,D,New York Islanders,0.5256642699241638,78,79,79,1
Robin Salo,24.2,D,New York Islanders,-0.005901227272497,71,71,71,0
Ryan Pulock,28.5,D,New York Islanders,0.2557166516780853,74,78,72,-2
Scott Mayfield,30.5,D,New York Islanders,0.2578438520431518,74,75,75,1
Zach Parise,38.7,L,New York Islanders,0.5241722464561462,78,87,77,-1
Aaron Ekblad,27.2,D,Florida Panthers,0.7522960305213928,81,88,79,-2
Aleksander Barkov,27.6,C,Florida Panthers,1.264117956161499,89,90,88,-1
Anton Lundell,21.5,C,Florida Panthers,0.5915749669075012,79,86,79,0
Brandon Montour,29.0,D,Florida Panthers,0.7129294872283936,81,81,84,3
Carter Verhaeghe,27.6,C,Florida Panthers,0.9521734714508056,84,86,85,1
Colin White,26.2,C,Florida Panthers,0.2852365672588348,75,77,73,-2
Eetu Luostarinen,24.6,C,Florida Panthers,0.5272507667541504,78,78,81,3
Gustav Forsling,26.8,D,Florida Panthers,0.6608139276504517,80,82,79,-1
Josh Mahura,24.9,D,Florida Panthers,0.4162942171096802,77,77,79,2
Marc Staal,36.2,D,Florida Panthers,0.1317967474460601,73,75,74,1
Matthew Tkachuk,25.3,L,Florida Panthers,1.5304275751113892,92,92,97,5
Nick Cousins,29.7,C,Florida Panthers,0.2988597750663757,75,76,74,-1
Patric Hornqvist,35.9,R,Florida Panthers,0.6013431549072266,79,84,77,-2
Radko Gudas,32.8,D,Florida Panthers,0.5778898596763611,79,79,80,1
Rudolfs Balcers,25.6,L,Tampa Bay Lightning,0.259808748960495,74,76,75,1
Ryan Lomberg,28.3,L,Florida Panthers,0.2534328103065491,74,76,74,0
Sam Bennett,26.8,C,Florida Panthers,0.69937664270401,81,82,82,1
Sam Reinhart,27.4,C,Florida Panthers,0.9452786445617676,84,85,85,1
Michael McCarron,28.1,R,Nashville Predators,0.1544001102447509,73,75,71,-2
Colin Miller,30.4,D,Dallas Stars,0.3387028872966766,76,78,76,0
Denis Gurianov,25.8,R,Montreal Canadiens,0.238921970129013,74,78,72,-2
Esa Lindell,28.9,D,Dallas Stars,0.3176461160182953,75,78,74,-1
Jamie Benn,33.7,L,Dallas Stars,0.8171055316925049,82,84,85,3
Jani Hakanpaa,30.7,D,Dallas Stars,0.1300912946462631,73,73,73,0
Jason Robertson,23.7,L,Dallas Stars,1.2949481010437012,89,92,88,-1
Joe Pavelski,38.7,C,Dallas Stars,1.163555145263672,87,94,86,-1
Joel Kiviranta,27.0,L,Dallas Stars,0.1042562797665596,72,74,71,-1
Luke Glendening,33.9,C,Dallas Stars,0.1009368598461151,72,74,71,-1
Mason Marchment,27.8,L,Dallas Stars,0.5914175510406494,79,84,75,-4
Miro Heiskanen,23.7,D,Dallas Stars,0.8575146794319153,83,84,83,0
Nils Lundkvist,22.7,D,Dallas Stars,0.3277668356895447,75,77,77,2
Radek Faksa,29.2,C,Dallas Stars,0.2607644498348236,74,76,77,3
Roope Hintz,26.4,C,Dallas Stars,1.1389591693878174,87,89,86,-1
Ryan Suter,38.2,D,Dallas Stars,0.5228122472763062,78,80,78,0
Ty Dellandrea,22.7,C,Dallas Stars,0.2555842697620392,74,76,74,0
Tyler Seguin,31.2,C,Dallas Stars,0.5799787044525146,79,84,79,0
Wyatt Johnston,19.9,C,Dallas Stars,0.5072003311671349,78,84,78,0
Alex Goligoski,37.7,D,Minnesota Wild,0.4110104739665985,77,81,74,-3
Brandon Duhaime,25.9,R,Minnesota Wild,0.2792107760906219,75,75,75,0
Calen Addison,23.0,D,Minnesota Wild,0.4061236725584031,76,77,76,0
Connor Dewar,23.8,C,Minnesota Wild,0.2796476483345032,75,76,74,-1
Frederick Gaudreau,29.9,C,Minnesota Wild,0.5329656004905701,78,80,77,-1
Jake Middleton,27.3,D,Minnesota Wild,0.3540659248828888,76,76,76,0
Jared Spurgeon,33.4,D,Minnesota Wild,0.9573614001274108,84,86,83,-1
Joel Eriksson Ek,26.2,C,Minnesota Wild,0.9015973210334778,83,84,85,2
Jonas Brodin,29.7,D,Minnesota Wild,0.5867840647697449,79,80,80,1
Kirill Kaprizov,25.9,L,Minnesota Wild,1.2721179723739624,89,91,88,-1
Marco Rossi,21.2,C,Minnesota Wild,-0.0632046429806396,70,70,70,0
Marcus Foligno,31.7,L,Minnesota Wild,0.5696617364883423,79,81,75,-4
Mats Zuccarello,35.6,R,Minnesota Wild,0.8260103464126587,82,84,79,-3
Matt Boldy,22.0,L,Minnesota Wild,0.8518072366714478,83,86,84,1
Matt Dumba,28.7,D,Minnesota Wild,0.295841246843338,75,78,72,-3
Ryan Hartman,28.5,R,Minnesota Wild,0.7043181657791138,81,81,80,-1
Sam Steel,25.2,C,Minnesota Wild,0.2399440556764602,74,74,76,2
Tyson Jost,25.1,C,Buffalo Sabres,0.3401729166507721,76,77,76,0
Dryden Hunt,27.2,L,Toronto Maple Leafs,0.0568031258881092,72,74,71,-1
Andrew Mangiapane,27.0,L,Calgary Flames,0.7689387798309326,82,83,82,0
Blake Coleman,31.4,C,Calgary Flames,0.6446194052696228,80,80,80,0
Brett Ritchie,29.8,R,Arizona Coyotes,0.2786076366901397,75,76,74,-1
Chris Tanev,33.3,D,Calgary Flames,0.7923557162284851,82,82,84,2
Dillon Dube,24.7,C,Calgary Flames,0.48980712890625,78,78,76,-2
Elias Lindholm,28.3,C,Calgary Flames,1.0816752910614014,86,86,86,0
Jonathan Huberdeau,29.8,C,Calgary Flames,0.959766924381256,84,86,82,-2
Kevin Rooney,29.6,C,Calgary Flames,0.1221130862832069,72,74,71,-1
MacKenzie Weegar,29.2,D,Calgary Flames,0.9143285155296326,84,85,87,3
Michael Stone,32.7,D,Calgary Flames,0.2865350842475891,75,75,74,-1
Mikael Backlund,34.1,C,Calgary Flames,0.8253239393234253,82,82,84,2
Milan Lucic,34.8,L,Calgary Flames,0.1985718309879303,74,78,74,0
Nazem Kadri,32.5,C,Calgary Flames,0.8166623115539551,82,83,80,-2
Nikita Zadorov,28.0,D,Calgary Flames,0.3661577701568603,76,77,76,0
Noah Hanifin,26.2,D,Calgary Flames,0.6895662546157837,80,81,80,0
Rasmus Andersson,26.4,D,Calgary Flames,0.7857800126075745,82,82,83,1
Trevor Lewis,36.2,C,Calgary Flames,0.25713711977005,74,76,74,0
Tyler Toffoli,30.9,R,Calgary Flames,0.8821033239364624,83,83,88,5
Nicolas Hague,24.3,D,Vegas Golden Knights,0.1556385606527328,73,78,69,-4
William Carrier,28.2,L,Vegas Golden Knights,0.57108473777771,79,79,81,2
Caleb Jones,25.8,D,Chicago Blackhawks,-0.0784971192479133,70,72,69,-1
Reese Johnson,24.7,C,Chicago Blackhawks,-0.1093016043305397,69,70,69,0
Brandt Clarke,19.7,D,Los Angeles Kings,0.2992320967984473,75,79,75,0
Brendan Lemieux,27.1,L,Philadelphia Flyers,0.2461719810962677,74,75,73,-1
Morgan Geekie,24.7,C,Seattle Kraken,0.341691255569458,76,76,77,1
Kent Johnson,20.5,C,Columbus Blue Jackets,0.1464234923377043,73,77,73,0
Adam Erne,28.0,L,Detroit Red Wings,0.098808117210865,72,74,71,-1
Andrew Copp,28.7,C,Detroit Red Wings,0.489602267742157,78,79,77,-1
Ben Chiarot,31.9,D,Detroit Red Wings,-0.0736939013004303,70,73,66,-4
David Perron,34.9,L,Detroit Red Wings,0.6381912231445312,80,83,79,-1
Dominik Kubalik,27.6,L,Detroit Red Wings,0.3655316233634949,76,78,76,0
Dylan Larkin,26.7,C,Detroit Red Wings,0.6747140884399414,80,83,80,0
Elmer Soderblom,21.5,L,Detroit Red Wings,0.3916510999506696,76,78,76,0
Filip Hronek,25.4,D,Vancouver Canucks,0.2144413292407989,74,75,72,-2
Gustav Lindstrom,24.4,D,Detroit Red Wings,-0.1146824657917022,69,71,69,0
Jakub Vrana,27.1,L,St Louis Blues,0.570843517780304,79,80,78,-1
Joe Veleno,23.2,C,Detroit Red Wings,0.0022042146883904,71,72,69,-2
Lucas Raymond,21.0,L,Detroit Red Wings,0.2777220010757446,75,81,73,-2
Michael Rasmussen,23.9,C,Detroit Red Wings,0.3226765394210815,75,75,79,4
Moritz Seider,22.0,D,Detroit Red Wings,0.3011715710163116,75,77,77,2
Olli Maatta,28.6,D,Detroit Red Wings,0.048120904713869,71,79,66,-5
Oskar Sundqvist,29.0,C,Minnesota Wild,0.3264758884906769,75,76,76,1
Robert Hagg,28.2,D,Detroit Red Wings,0.0771093741059303,72,72,72,0
Tyler Bertuzzi,28.1,L,Boston Bruins,0.5713892579078674,79,81,78,-1
Adam Lowry,30.0,C,Winnipeg Jets,0.3424613773822784,76,77,76,0
Blake Wheeler,36.6,R,Winnipeg Jets,0.5977235436439514,79,82,79,0
Brenden Dillon,32.4,D,Winnipeg Jets,0.2990789413452148,75,75,75,0
Cole Perfetti,21.1,C,Winnipeg Jets,0.5553843781018546,79,81,79,0
David Gustafsson,22.9,C,Winnipeg Jets,0.1080243081798491,72,73,72,0
Dylan DeMelo,29.9,D,Winnipeg Jets,0.4059026539325714,76,77,77,1
Josh Morrissey,28.0,D,Winnipeg Jets,0.5637472867965698,79,79,82,3
Kyle Connor,26.3,L,Winnipeg Jets,0.749347448348999,81,83,79,-2
Logan Stanley,24.8,D,Winnipeg Jets,0.0894915089011192,72,74,70,-2
Mark Scheifele,30.1,C,Winnipeg Jets,0.6781530976295471,80,84,78,-2
Mason Appleton,27.2,C,Winnipeg Jets,0.269477516412735,75,75,75,0
Morgan Barron,24.3,C,Winnipeg Jets,0.2511828541755676,74,75,75,1
Nate Schmidt,31.7,D,Winnipeg Jets,0.3379559218883514,76,78,77,1
Neal Pionk,27.7,D,Winnipeg Jets,0.1305886507034301,73,74,73,0
Nikolaj Ehlers,27.1,L,Winnipeg Jets,0.8307459950447083,82,83,82,0
Pierre-Luc Dubois,24.8,L,Winnipeg Jets,0.7517591118812561,81,83,82,1
Saku Maenalanen,28.8,R,Winnipeg Jets,0.1242825984954834,72,74,73,1
Sam Gagner,33.6,C,Winnipeg Jets,0.2762278318405151,75,79,73,-2
Libor Hajek,24.9,D,New York Rangers,-0.1750751733779907,68,69,69,1
Stefan Noesen,30.1,R,Carolina Hurricanes,0.7581775188446045,81,81,82,1
Jackson Cates,25.2,C,Philadelphia Flyers,-0.0597391640085062,70,71,70,0
Olle Lycksell,23.5,R,Philadelphia Flyers,-0.2622884192525411,67,69,67,0
Trent Frederic,25.1,C,Boston Bruins,0.5249388813972473,78,79,78,0
Dylan Guenther,19.8,R,Arizona Coyotes,0.0694593145066009,72,74,72,0
Fabian Zetterlund,23.6,L,San Jose Sharks,0.1773892448116291,73,80,73,0
Nico Hischier,24.2,C,New Jersey Devils,1.1246331930160522,87,88,90,3
Pius Suter,26.9,C,Detroit Red Wings,0.2608936727046966,74,75,74,0
Jonathan Drouin,28.0,L,Montreal Canadiens,0.1883927881717682,73,77,73,0
Nikita Zaitsev,31.4,D,Chicago Blackhawks,-0.165024533867836,68,72,65,-3
Gabriel Fortier,22.7,L,Tampa Bay Lightning,0.014670860477754,71,72,71,0
Cal Clutterbuck,35.4,R,New York Islanders,0.233626127243042,74,75,74,0
Oliver Wahlstrom,22.6,R,New York Islanders,0.4856398403644562,78,80,76,-2
Simon Benoit,24.5,D,Anaheim Ducks,-0.6095947623252869,62,68,61,-1
Alexey Toropchenko,,R,St Louis Blues,0.2642520743034053,74,74,74,0
Brandon Saad,30.4,L,St Louis Blues,0.4560827910900116,77,82,76,-1
Brayden Schenn,31.6,C,St Louis Blues,0.4884952008724212,78,81,76,-2
Colton Parayko,29.9,D,St Louis Blues,-0.0092829847708344,71,78,69,-2
Ivan Barbashev,27.3,C,Vegas Golden Knights,0.2531116604804992,74,76,74,0
Jake Neighbours,21.0,L,St Louis Blues,-0.0667808526950366,70,71,70,0
Jordan Kyrou,24.9,C,St Louis Blues,0.5657482147216797,79,81,78,-1
Justin Faulk,31.0,D,St Louis Blues,0.0820347219705581,72,77,68,-4
Nathan Walker,29.2,L,St Louis Blues,0.1814278215169906,73,74,74,1
Nick Leddy,32.0,D,St Louis Blues,-0.0340957008302211,70,75,69,-1
Niko Mikkola,26.9,D,New York Rangers,-0.1304517090320587,69,71,69,0
Noel Acciari,31.3,C,Toronto Maple Leafs,0.3003891408443451,75,76,75,0
Pavel Buchnevich,28.0,L,St Louis Blues,0.90749192237854,84,84,85,1
Robert Bortuzzo,34.0,D,St Louis Blues,0.2027918994426727,74,76,74,0
Robert Thomas,23.8,C,St Louis Blues,0.6502199172973633,80,83,78,-2
Ryan O'Reilly,32.1,C,Toronto Maple Leafs,0.6615738272666931,80,84,77,-3
Torey Krug,32.0,D,St Louis Blues,0.2776211202144623,75,81,72,-3
Vladimir Tarasenko,31.3,R,New York Rangers,0.5849085450172424,79,84,77,-2
Zach Sanford,28.3,L,Nashville Predators,0.2311070412397384,74,77,72,-2
Kailer Yamamoto,24.5,R,Edmonton Oilers,0.5236591696739197,78,79,79,1
Warren Foegele,27.0,L,Edmonton Oilers,0.5025811195373535,78,78,80,2
Jason Dickinson,27.8,C,Chicago Blackhawks,0.1150660663843154,72,75,71,-1
Sammy Blais,26.8,L,St Louis Blues,0.2547586262226105,74,75,76,2
Brett Leason,23.9,R,Anaheim Ducks,-0.2994240820407867,66,71,66,0
Colton White,25.9,D,Anaheim Ducks,-0.4761660897349988,64,69,64,0
Juuso Valimaki,24.5,D,Arizona Coyotes,0.3804511129856109,76,76,78,2
Dan Renouf,28.4,D,Boston Bruins,0.204896903690062,74,75,74,0
Noah Juulsen,26.0,D,Vancouver Canucks,0.0823897344583726,72,72,72,0
Filip Zadina,23.3,R,Detroit Red Wings,0.1923362165689468,73,74,74,1
Mason Shaw,24.4,C,Minnesota Wild,0.2511493607977435,74,75,74,0
Daniel Sprong,26.1,R,Seattle Kraken,0.643220067024231,80,80,82,2
Dylan Coghlan,25.1,D,Carolina Hurricanes,0.3801209032535553,76,77,77,1
Anton Stralman,36.3,D,Boston Bruins,-0.1318162679672241,69,76,68,-1
Nick Blankenburg,24.9,D,Columbus Blue Jackets,-0.0883284518567188,69,71,69,0
Ilya Mikheyev,28.3,R,Vancouver Canucks,0.6500610113143921,80,81,79,-1
Tyler Myers,33.2,D,Vancouver Canucks,-0.1088902503252029,69,75,70,1
Alexander Barabanov,28.8,L,San Jose Sharks,0.5205335021018982,78,78,77,-1
Ian Cole,34.1,D,Tampa Bay Lightning,0.4727012813091278,77,79,74,-3
Nick Perbix,24.8,D,Tampa Bay Lightning,0.3895242753979054,76,79,76,0
Zack MacEwen,26.7,C,Los Angeles Kings,0.0028156882617622,71,72,71,0
Markus Niemelainen,24.6,D,Edmonton Oilers,0.0486374879305109,71,72,71,0
Vinnie Hinostroza,29.0,C,Buffalo Sabres,0.2004467099905014,74,76,72,-2
Lucas Carlsson,25.3,D,Florida Panthers,0.28435831786221,75,78,75,0
Matt Kiersted,24.7,D,Florida Panthers,0.2450550672036502,74,74,74,0
Anton Blidh,27.9,L,Colorado Avalanche,0.0685511529445648,72,73,72,0
Jayson Megna,33.2,C,Anaheim Ducks,-0.0526105612516403,70,73,67,-3
Martin Kaut,23.5,R,San Jose Sharks,0.2042579801409539,74,74,74,0
Axel Jonsson-Fjallby,,L,Winnipeg Jets,0.2771104654996987,75,75,75,0
Dylan Samberg,24.2,D,Winnipeg Jets,0.4429626362938373,77,78,77,0
Josh Leivo,29.9,L,St Louis Blues,0.5194846987724304,78,79,76,-2
Jack Studnicka,24.1,C,Vancouver Canucks,-0.1235031881114802,69,72,69,0
Matt Grzelcyk,29.2,D,Boston Bruins,0.8230920433998108,82,84,81,-1
Nicholas Robertson,,L,Toronto Maple Leafs,0.1771607635693769,73,73,73,0
Victor Mete,24.5,D,Toronto Maple Leafs,0.2059275060892105,74,79,72,-2
Connor McMichael,21.9,C,Washington Capitals,0.1419929892925501,73,76,73,0
Joe Snively,27.2,C,Washington Capitals,0.3035136551156329,75,76,75,0
Kevin Bahl,22.8,D,New Jersey Devils,0.4616571816504506,77,77,77,0
Jordan Greenway,26.1,L,Buffalo Sabres,0.2579940259456634,74,78,72,-2
Connor Mackey,26.6,D,Arizona Coyotes,-0.1607111152233403,68,71,68,0
Casey Fitzgerald,26.1,D,Florida Panthers,-0.1339163937574554,69,70,69,0
Jake McCabe,29.5,D,Toronto Maple Leafs,0.0904531180858612,72,72,74,2
Jon Merrill,31.2,D,Minnesota Wild,0.2414963394403457,74,77,72,-2
Calle Rosen,29.2,D,St Louis Blues,0.345910762621779,76,77,76,0
Chad Ruhwedel,32.9,D,Pittsburgh Penguins,0.3643469512462616,76,77,75,-1
Kyle Clifford,31.8,L,Toronto Maple Leafs,0.1861006021499633,73,75,73,0
Wayne Simmonds,34.6,R,Toronto Maple Leafs,0.2037109732627868,74,79,72,-2
Jack Rathbone,23.9,D,Vancouver Canucks,-0.132606691229071,69,71,69,0
Jacob MacDonald,30.1,D,San Jose Sharks,0.3379227519035339,76,80,74,-2
Liam Foudy,23.2,C,Columbus Blue Jackets,0.1209363601321084,72,74,72,0
Ross Johnston,29.0,L,New York Islanders,0.0067330985330045,71,73,71,0
Derick Brassard,35.5,C,Ottawa Senators,0.3778429925441742,76,79,77,1
Jacob Peterson,23.7,C,San Jose Sharks,0.1634908985791719,73,74,73,0
Beck Malenstyn,24.8,L,Washington Capitals,0.2154729442180419,74,74,74,0
Drake Caggiula,28.7,C,Pittsburgh Penguins,0.1248173341155052,72,75,72,0
Logan Brown,25.1,C,St Louis Blues,0.1028729304671287,72,75,73,1
Guillaume Brisebois,25.7,D,Vancouver Canucks,0.0109925273089735,71,72,71,0
Patrik Nemeth,31.2,D,Arizona Coyotes,-0.1704389899969101,68,72,68,0
Mikhail Maltsev,24.7,L,Colorado Avalanche,0.0844892499213647,72,74,72,0
Joel Hanley,31.8,D,Dallas Stars,0.3637599349021911,76,78,76,0
Sam Poulin,,R,Pittsburgh Penguins,-0.1082533346905163,69,71,69,0
Lawrence Pilut,27.0,D,Buffalo Sabres,0.0321336067100847,71,74,71,0
Jaret Anderson-Dolan,23.6,C,Los Angeles Kings,0.1678341776132583,73,74,72,-1
Julien Gauthier,25.5,R,Ottawa Senators,0.1015029624104499,72,73,71,-1
Tyler Pitlick,31.4,C,St Louis Blues,0.178128644824028,73,76,73,0
Brad Marchand,34.9,L,Boston Bruins,1.330530285835266,90,93,86,-4
Matt Luff,25.9,R,Detroit Red Wings,0.1528038829565048,73,74,72,-1
Rasmus Ristolainen,28.4,D,Philadelphia Flyers,0.1063868105411529,72,74,74,2
Eric Staal,38.4,C,Florida Panthers,0.3279679119586944,75,80,75,0
Sheldon Dries,28.9,C,Vancouver Canucks,0.2560482621192932,74,74,74,0
Jake Leschyshyn,24.0,C,New York Rangers,-0.2063453095115724,68,69,68,0
David Jiricek,18.9,D,Columbus Blue Jackets,-0.298063248427996,67,71,67,0
Gavin Bayreuther,28.9,D,Columbus Blue Jackets,-0.0704440847039222,70,72,67,-3
Kale Clague,24.8,D,Buffalo Sabres,-0.08919408172369,69,71,69,0
Boris Katchouk,24.8,L,Chicago Blackhawks,0.0769809484481811,72,73,72,0
Givani Smith,25.1,R,Florida Panthers,0.1133442297577858,72,73,72,0
Jordan Oesterle,30.8,D,Detroit Red Wings,-0.087333396077156,69,72,68,-1
Joel Armia,29.7,R,Montreal Canadiens,0.1912657767534256,73,77,72,-1
Michael Pezzetta,25.1,L,Montreal Canadiens,0.210761621594429,74,74,75,1
Rasmus Kupari,23.1,C,Los Angeles Kings,0.2242201566696167,74,74,74,0
Filip Kral,23.0,D,Toronto Maple Leafs,0.0581137697195953,72,72,72,0
Matt Irwin,35.3,D,Washington Capitals,0.0861459746956825,72,77,70,-2
Drew O'Connor,24.8,L,Pittsburgh Penguins,0.3390093063211106,76,76,76,0
Dylan Gambrell,26.6,C,Ottawa Senators,0.0056919478811323,71,72,71,0
Steven Fogarty,29.6,C,Minnesota Wild,0.0438599827864949,71,72,71,0
Adam Ruzicka,23.9,C,Calgary Flames,0.3643121023603626,76,79,76,0
Ethan Bear,25.8,D,Vancouver Canucks,0.4717941880226135,77,77,79,2
Pontus Holmberg,24.0,R,Toronto Maple Leafs,0.2934408393543219,75,76,75,0
Dominic Toninato,28.7,C,Winnipeg Jets,0.1753663718700409,73,74,74,1
Joel Edmundson,29.8,D,Montreal Canadiens,-0.1315783858299255,69,72,67,-2
Jordan Gross,27.9,D,Nashville Predators,-0.0432306746514136,70,73,70,0
Mark Jankowski,28.6,C,Nashville Predators,0.1497017443180084,73,76,71,-2
Jansen Harkins,25.6,C,Winnipeg Jets,0.2288186103105545,74,74,75,1
Kyle Capobianco,25.6,D,Winnipeg Jets,-0.0602489333760981,70,70,70,0
Sonny Milano,26.9,L,Washington Capitals,0.3617276847362518,76,77,76,0
Timothy Liljegren,23.9,D,Toronto Maple Leafs,0.6395582556724548,80,84,77,-3
Austin Czarnik,30.3,C,Detroit Red Wings,0.338395208120346,76,78,76,0
Glenn Gawdin,25.7,C,Anaheim Ducks,0.0544150871312147,71,72,71,0
Aleksi Heponiemi,24.0,C,Florida Panthers,0.022750054191357,71,72,71,0
Nick DeSimone,28.0,D,Calgary Flames,-0.0958765736743758,69,71,69,0
Lucas Johansen,25.1,D,Washington Capitals,0.1638270509407321,73,73,73,0
Dennis Gilbert,26.4,D,Calgary Flames,0.2118573584248307,74,74,74,0
Jacob Bernard-Docker,22.6,D,Ottawa Senators,-0.1792798741757254,68,70,68,0
Joseph Cramarossa,30.1,C,Minnesota Wild,0.0606480399110248,72,73,72,0
Jack Drury,23.2,C,Carolina Hurricanes,0.5889984589365148,79,79,79,0
Alexander Alexeyev,,D,Washington Capitals,0.1235663697900465,72,72,72,0
Filip Hallander,22.4,C,Pittsburgh Penguins,-0.0148366149044139,71,71,71,0
Adam Beckman,21.8,L,Minnesota Wild,-0.0443934631176834,70,70,70,0
Charlie McAvoy,25.3,D,Boston Bruins,1.223246693611145,88,90,87,-1
Mattias Janmark,30.3,C,Edmonton Oilers,0.3300773501396179,75,76,76,1
Brendan Gaunce,28.7,C,Columbus Blue Jackets,0.2504843175411224,74,75,73,-1
Emil Bemstrom,23.8,R,Columbus Blue Jackets,0.2964990139007568,75,76,75,0
Jonatan Berggren,22.7,R,Detroit Red Wings,0.09001250425654,72,75,72,0
Nikita Alexandrov,22.5,C,St Louis Blues,0.2024444045640923,74,76,74,0
Sampo Ranta,22.6,L,Colorado Avalanche,-0.0483757373824024,70,71,70,0
Shane Bowers,23.3,C,Colorado Avalanche,0.0214311442002505,71,71,71,0
Matej Blumel,22.5,R,Dallas Stars,-0.1037020700945246,69,70,69,0
Cale Fleury,24.2,D,Seattle Kraken,0.1596589758894634,73,73,73,0
Klim Kostin,23.9,C,Edmonton Oilers,0.3301688134670257,75,76,76,1
Jordie Benn,35.5,D,Toronto Maple Leafs,0.2031283676624298,74,76,73,-1
Jake Christiansen,23.6,D,Columbus Blue Jackets,-0.0172255047599112,70,72,70,0
Marcus Bjork,25.4,D,Columbus Blue Jackets,-0.0267012979724456,70,72,70,0
Juuso Parssinen,22.1,C,Nashville Predators,0.5060410803380478,78,78,78,0
Austin Strand,25.8,D,Anaheim Ducks,0.1628756820643771,73,73,73,0
Laurent Dauphin,28.0,C,Arizona Coyotes,-0.4401566684246063,64,71,68,4
Gustav Olofsson,28.1,D,Seattle Kraken,0.2404489938719274,74,76,74,0
Michael Eyssimont,26.6,C,Tampa Bay Lightning,0.361068719808278,76,78,76,0
Jacob Larsson,25.8,D,Ottawa Senators,-0.1294254660606384,69,70,70,1
Maxime Lajoie,25.1,D,Carolina Hurricanes,0.0782039285153054,72,73,72,0
Andreas Englund,27.2,D,Chicago Blackhawks,0.0504853417514548,71,74,71,0
Max Willman,27.8,C,Philadelphia Flyers,-0.1383657393323275,69,70,69,0
Teddy Blueger,28.6,C,Vegas Golden Knights,0.3213675618171692,75,77,73,-2
Riley Sheahan,31.0,C,Buffalo Sabres,0.2287009954452514,74,77,75,1
William Lockwood,,R,Vancouver Canucks,-0.0924719938699184,69,70,69,0
Sam Carrick,31.2,C,Anaheim Ducks,-0.2745997607707977,67,72,65,-2
Jake Walman,27.1,D,Detroit Red Wings,0.3780653774738312,76,77,78,2
Nick Cicek,22.7,D,San Jose Sharks,-0.2003599402961737,68,70,68,0
Anders Bjork,26.7,L,Chicago Blackhawks,0.0964169204235076,72,75,71,-1
Tyler Tucker,23.1,D,St Louis Blues,-0.0188861121023553,70,71,70,0
Patrick Brown,30.9,C,Ottawa Senators,0.0496272183954715,71,72,72,1
Ian Mitchell,24.2,D,Chicago Blackhawks,-0.4885826792680647,64,67,64,0
Michael Matheson,29.1,D,Montreal Canadiens,0.3983039855957031,76,77,75,-1
Nic Petan,27.7,C,Minnesota Wild,0.2341740429401397,74,75,74,0
Zach Bogosian,32.7,D,Tampa Bay Lightning,0.193315789103508,73,75,71,-2
Jacob Moverare,24.2,D,Los Angeles Kings,0.2185905930926958,74,74,74,0
Trey Fix-Wolansky,23.9,R,Columbus Blue Jackets,-0.0791014557849873,70,73,70,0
Ville Heinola,21.9,D,Winnipeg Jets,-0.0407186989633268,70,71,70,0
Jakob Chychrun,25.0,D,Ottawa Senators,0.4584143757820129,77,79,76,-1
Mac Hollowell,24.2,D,Toronto Maple Leafs,-0.1602512197545418,68,70,68,0
Simon Holmstrom,21.9,R,New York Islanders,0.1138332998429431,72,73,72,0
Lassi Thomson,22.2,D,Ottawa Senators,-0.1046986342559038,69,70,69,0
Oskar Olausson,20.0,R,Colorado Avalanche,0.011893675407376,71,71,71,0
Carson Meyer,25.4,R,Columbus Blue Jackets,0.0043652641333465,71,72,71,0
Alex Barr-Boulet,,C,Tampa Bay Lightning,0.186836468309091,73,74,73,0
Philip Broberg,21.8,D,Edmonton Oilers,0.4201615750094935,77,79,77,0
Tommy Novak,25.9,C,Nashville Predators,0.4296148652184361,77,79,77,0
Kirill Marchenko,22.7,R,Columbus Blue Jackets,0.2457607136671706,74,76,74,0
Tim Berni,23.1,D,Columbus Blue Jackets,-0.2385690987014744,67,69,67,0
Lias Andersson,24.1,C,Los Angeles Kings,-0.1113908216357231,69,70,69,0
James Hamblin,23.7,L,Edmonton Oilers,-0.0028634615747563,71,71,71,0
Jeffrey Viel,26.2,L,San Jose Sharks,-0.0099693861543805,71,72,71,0
Urho Vaakanainen,24.1,D,Anaheim Ducks,-0.5914895462002524,62,67,62,0
Alex Galchenyuk,29.1,C,Colorado Avalanche,0.0345981568098068,71,80,68,-3
Jean-Luc Foudy,20.6,C,Colorado Avalanche,-0.0323350384158674,70,71,70,0
Tyler Benson,24.7,L,Edmonton Oilers,0.0246744887867645,71,71,71,0
Samuel Fagemo,22.9,L,Los Angeles Kings,-0.0256123533570922,70,71,70,0
Tobias Bjornfot,21.9,D,Los Angeles Kings,-0.0187064930796623,70,71,69,-1
Cole Bardreau,29.4,C,New York Islanders,0.0203212263413453,71,72,71,0
William Bitten,,C,St Louis Blues,0.0819233176589016,72,72,72,0
Anthony Cirelli,25.7,C,Tampa Bay Lightning,0.6192276477813721,79,82,78,-1
Daniil Miromanov,25.5,D,Vegas Golden Knights,0.1471981955608194,73,73,73,0
Hudson Fasching,27.7,R,New York Islanders,0.432418297766329,77,77,77,0
Charles Hudon,28.5,L,Colorado Avalanche,0.1232405453920364,72,76,71,-1
Jonny Brodzinski,29.7,C,New York Rangers,0.1444085985422134,73,74,73,0
Lukas Reichel,20.9,L,Chicago Blackhawks,0.0856281877949739,72,73,72,0
Chris Tierney,28.8,C,Montreal Canadiens,0.1049343571066856,72,75,71,-1
Zac Dalpe,33.4,C,Florida Panthers,0.0925021097064018,72,73,72,0
Semyon Der-Arguchintsev,22.2,C,Toronto Maple Leafs,0.04501083518904,71,71,71,0
Callahan Burke,25.7,C,Colorado Avalanche,-0.0855945004927972,70,71,70,0
Jonas Rondbjerg,23.8,R,Vegas Golden Knights,0.1986960083334118,74,74,74,0
CJ Suess,,L,San Jose Sharks,-0.0711579473037913,70,70,70,0
Radim Zohorna,26.7,L,Calgary Flames,0.4791488267313014,77,79,77,0
Brad Hunt,34.6,D,Colorado Avalanche,0.2966780662536621,75,78,75,0
Cam York,22.2,D,Philadelphia Flyers,0.479306776799074,78,78,78,0
Joey Anderson,24.8,R,Chicago Blackhawks,0.3560885190963745,76,77,74,-2
Matthew Phillips,24.7,C,Calgary Flames,0.0889157994385589,72,72,72,0
Samuel Walker,23.8,C,Minnesota Wild,0.1026964849936335,72,73,72,0
Rourke Chartier,26.7,C,Ottawa Senators,0.0517379583245335,71,72,71,0
Kevin Gravel,31.1,D,Nashville Predators,-0.0743311420083046,70,74,70,0
Roland McKeown,27.0,D,Nashville Predators,-0.1634364780459929,68,71,68,0
Grigori Denisenko,22.7,L,Florida Panthers,0.1216910533844532,72,74,72,0
Andreas Johnsson,28.3,L,San Jose Sharks,0.3610877394676208,76,79,74,-2
Kevin Stenlund,26.5,C,Winnipeg Jets,0.2819674611091614,75,76,74,-1
Brayden Pachal,23.4,D,Vegas Golden Knights,0.0114263366879777,71,72,71,0
Jacob Lucchini,,C,Ottawa Senators,0.1223334593642141,72,73,72,0
Jani Hakanp,,D,Dallas Stars,0.0239254505247348,71,74,71,0
Ben Harpur,28.2,D,New York Rangers,-0.3189871311187744,66,69,68,2
Jan Jenik,22.3,R,Arizona Coyotes,0.0125228829493894,71,74,71,0
Jeremy Davies,26.1,D,Buffalo Sabres,-0.017026222106154,70,71,70,0
Lane Pederson,25.7,C,Columbus Blue Jackets,-0.0315996569658305,70,71,70,0
Jordan Spence,22.1,D,Los Angeles Kings,0.5149602215558128,78,79,78,0
Josh Dunne,24.1,C,Columbus Blue Jackets,0.0256608305595956,71,72,71,0
Riley Tufte,24.7,L,Dallas Stars,0.0557627468263948,72,72,72,0
Thomas Novak,,C,Nashville Predators,0.203449010471798,74,74,74,0
Anthony Richard,26.3,C,Montreal Canadiens,0.1219662498768115,72,72,72,0
Justin Kirkland,26.4,C,Anaheim Ducks,-0.0170331857971203,70,71,70,0
Isaak Phillips,21.4,D,Chicago Blackhawks,-0.3660955688666265,66,69,66,0
Dillon Heatherington,27.7,D,Ottawa Senators,0.1830363240611607,73,74,73,0
Nikita Okhotiuk,,D,New Jersey Devils,0.1555710877937576,73,74,73,0
Robby Fabbri,27.1,C,Detroit Red Wings,0.3330478072166443,75,78,75,0
Darren Raddysh,27.1,D,Tampa Bay Lightning,0.1430340807662983,73,73,73,0
Aatu Raty,20.3,C,Vancouver Canucks,0.1423113233178997,73,75,73,0
Parker Wotherspoon,25.4,D,New York Islanders,0.2943436474690944,75,77,75,0
Pavel Dorofeyev,22.4,L,Vegas Golden Knights,0.2996524203232074,75,77,75,0
Fredrik Olofsson,26.8,L,Dallas Stars,0.2362981077724015,74,75,74,0
Michael Carcone,26.7,L,Arizona Coyotes,0.1704219120079452,73,73,73,0
Tyce Thompson,23.5,R,New Jersey Devils,-0.0730083910889302,70,71,70,0
Justin Barron,21.4,D,Montreal Canadiens,0.0240285012718967,71,72,71,0
Mark Friedman,27.3,D,Pittsburgh Penguins,0.3714664803062938,76,77,76,0
Anton Levtchi,27.1,L,Florida Panthers,-0.1051959042031988,69,71,69,0
Travis Dermott,26.1,D,Vancouver Canucks,0.3001286685466766,75,78,74,-1
Ty Smith,22.8,D,Pittsburgh Penguins,0.1982602179050445,74,75,76,2
Sheldon Rempal,27.4,R,Vegas Golden Knights,-0.1624565807184951,68,70,68,0
Kristian Reichel,24.6,C,Winnipeg Jets,0.2098674444935167,74,74,74,0
Darren Helm,36.2,C,Colorado Avalanche,0.1354056745767593,73,76,73,0
Byron Froese,32.0,C,Vegas Golden Knights,0.3779725432395935,76,76,75,-1
Kaedan Korczak,22.0,D,Vegas Golden Knights,0.2775316154557009,75,76,75,0
Max Pacioretty,34.2,L,Carolina Hurricanes,1.0697520971298218,86,87,86,0
Brett Seney,27.0,L,Chicago Blackhawks,0.0247535787896279,71,72,71,0
Steven Santini,27.9,D,St Louis Blues,0.5968461632728577,79,79,72,-7
Nicklas Backstrom,35.4,C,Washington Capitals,0.5769041180610657,79,86,76,-3
Tom Wilson,29.0,R,Washington Capitals,0.5132701396942139,78,80,74,-4
Chris Wagner,31.6,R,Boston Bruins,0.1232884675264358,72,74,71,-1
Walker Duehr,25.4,R,Calgary Flames,0.4689431328867231,77,77,77,0
Bobby McMann,26.8,C,Toronto Maple Leafs,0.0307175557622607,71,72,71,0
Vincent Desharnais,26.9,D,Edmonton Oilers,0.3744146418502742,76,77,76,0
Jesse Ylonen,23.5,R,Montreal Canadiens,0.2002153596101717,74,74,74,0
Joona Koppanen,24.9,L,Boston Bruins,0.0943614566789566,72,72,72,0
Nolan Foote,22.3,L,New Jersey Devils,0.4113625601261547,77,77,77,0
Jonathan Gruden,22.7,C,Pittsburgh Penguins,0.0047720511521319,71,71,71,0
Rafael Harvey-Pinard,24.2,L,Montreal Canadiens,0.4621521921333184,77,79,77,0
Dennis Cholowski,24.9,D,New York Islanders,0.0473982989788055,71,71,70,-1
William Dufour,21.0,R,New York Islanders,-0.1057757349001645,69,71,69,0
Jakob Pelletier,22.0,L,Calgary Flames,0.2381207649571856,74,76,74,0
Alex Belzile,31.6,R,Montreal Canadiens,0.2354658228237222,74,75,74,0
John Hayden,28.1,C,Seattle Kraken,0.0503756031394004,71,73,71,0
Alex Turcotte,21.9,C,Los Angeles Kings,0.0186756992734313,71,71,71,0
Samuel Bolduc,22.3,D,New York Islanders,0.1549639153695924,73,75,73,0
Milos Kelemen,23.7,L,Arizona Coyotes,-0.2342580147677813,67,69,67,0
Luke Philp,27.4,C,Chicago Blackhawks,-0.1318232036148632,69,71,69,0
Ridly Greig,20.6,C,Ottawa Senators,0.2586832394547226,74,77,74,0
Will Cuylle,21.0,L,New York Rangers,-0.0220187653181411,70,71,70,0
Phillip Di Giuseppe,29.5,L,Vancouver Canucks,0.2657241225242615,74,74,75,1
Marc McLaughlin,23.5,C,Boston Bruins,-0.0064726696854176,71,73,71,0
Owen Beck,19.0,C,Montreal Canadiens,-0.1362925643979143,69,71,69,0
Jean-Sebastien Dea,29.1,C,Arizona Coyotes,0.1801243325742407,73,75,73,0
Marian Studenic,24.3,L,Dallas Stars,0.1359906251080224,73,73,73,0
Alex Steeves,23.3,C,Toronto Maple Leafs,-0.0516876660136971,70,71,70,0
Marin Studeni,,L,Dallas Stars,-0.0382141451515088,70,71,70,0
Victor Soderstrom,22.1,D,Arizona Coyotes,-0.1692342433396838,68,71,68,0
Philip Tomasino,21.7,C,Nashville Predators,0.4882742166519165,78,81,77,-1
Otto Koivula,24.5,L,New York Islanders,0.0843553476183028,72,72,72,0
Cole Guttman,23.9,C,Chicago Blackhawks,0.1815856884292558,73,74,73,0
Dylan McIlrath,30.9,D,Washington Capitals,-0.1420808825002859,69,72,69,0
Andy Andreoff,31.8,C,New York Islanders,-0.1280737072229385,69,71,68,-1
Fredrik Karlstrom,25.2,C,Dallas Stars,0.30010997317528,75,75,75,0
Corey Schueneman,27.5,D,Montreal Canadiens,-0.2692283436386976,67,70,67,0
Christian Wolanin,28.0,D,Vancouver Canucks,0.2851530611515045,75,76,74,-1
Matthew Highmore,27.0,C,St Louis Blues,0.1803967654705047,73,74,73,0
Arnaud Durandeau,24.1,L,New York Islanders,0.019235035668989,71,71,71,0
Marco Scandella,33.1,D,St Louis Blues,-0.0662665665149688,70,74,69,-1
Dakota Mermis,29.2,D,Minnesota Wild,0.3195590226380628,75,76,75,0
Jesper Froden,28.5,R,Seattle Kraken,0.3435628733728426,76,76,76,0
Anthony Duclair,27.6,L,Florida Panthers,0.7630689740180969,82,83,79,-3
Elliot Desnoyers,21.1,L,Philadelphia Flyers,-0.153908964782947,69,71,69,0
David Gust,,R,Chicago Blackhawks,-0.0108816788515474,71,71,71,0
Billy Sweezey,27.2,D,Columbus Blue Jackets,-0.0249880763661056,70,71,70,0
Luke Evangelista,21.1,R,Nashville Predators,0.3307375501581626,75,79,75,0
Vladislav Kolyachonok,21.8,D,Arizona Coyotes,-0.1497283961500143,69,70,69,0
John Leonard,24.6,L,Nashville Predators,0.1091211737417102,72,74,72,0
Michael Kesselring,23.2,D,Arizona Coyotes,-0.0636722567153922,70,71,70,0
Alex Chiasson,32.5,R,Detroit Red Wings,0.3784936666488647,76,76,78,2
William Eklund,20.4,L,San Jose Sharks,-0.0119620947937748,71,73,71,0
Gabriel Carlsson,26.2,D,Washington Capitals,0.0622445109661144,72,73,72,0
Vincent Iorio,20.3,D,Washington Capitals,-0.2648292242248908,67,71,67,0
Frederic Allard,25.2,D,Montreal Canadiens,0.0249212917637858,71,71,71,0
Nikolai Knyzhov,25.0,D,San Jose Sharks,-0.3335223047228606,66,71,66,0
Alex Nylander,25.1,L,Pittsburgh Penguins,0.3708434744867848,76,76,76,0
Derrick Pouliot,29.2,D,San Jose Sharks,0.2809109985828399,75,75,73,-2
Bokondji Imama,26.6,L,Arizona Coyotes,-0.2417152587080956,67,69,67,0
Tyson Foerster,21.2,R,Philadelphia Flyers,0.5006851171313362,78,80,78,0
Egor Afanasyev,,L,Nashville Predators,-0.3507204959812949,66,69,66,0
Mike Matheson,,D,Montreal Canadiens,0.0613570147411388,72,73,72,0
Nicholas Paul,,L,Tampa Bay Lightning,-0.082396143383729,70,71,70,0
Mike Hardman,,L,Chicago Blackhawks,-0.0040542183040907,71,71,71,0
Simon Edvinsson,,D,Detroit Red Wings,-0.1685879937742964,68,71,68,0
Wyatt Kaiser,,D,Chicago Blackhawks,-0.0930701648294164,69,71,69,0
Taylor Fedun,,D,Pittsburgh Penguins,0.5125961899757385,78,79,79,1
Andrew Agozzino,,L,San Jose Sharks,0.3122983542574798,75,76,75,0
Nikita Nesterenko,,C,Anaheim Ducks,-0.1175564029467045,69,70,69,0
Hunter McKown,,C,Columbus Blue Jackets,0.0303090079888062,71,71,71,0
Nathan Smith,,C,Arizona Coyotes,-0.0251831114818111,70,71,70,0
Oskar Steen,,C,Boston Bruins,0.1823418173100416,73,75,73,0
Aidan McDonough,,L,Vancouver Canucks,0.0553059372662263,72,72,72,0
Lukas Rousek,,R,Buffalo Sabres,0.2127827413862944,74,74,74,0
Sean Farrell,,C,Montreal Canadiens,-0.0593167757267743,70,71,70,0
Taro Hirose,,L,Detroit Red Wings,0.0946546111152909,72,73,72,0
Alex Vlasic,,D,Chicago Blackhawks,0.2503698532740011,74,75,74,0
Tyler Kleven,,D,Ottawa Senators,0.0771509911309004,72,72,72,0
Austin Wagner,,L,Chicago Blackhawks,0.1681737154722213,73,75,71,-2
